Date,Description,Credit,Debit,Balance,Reference
26-09-2026,Salary Credit NEFT - TechCorp Solutions Pvt Ltd,85000.00,,85000.00,NEFT/2609/8812341
25-09-2026,UPI/SWIGGY/Food Order,,-450.00,84550.00,UPI/TXN/9912837621
25-09-2026,UPI/PHONEPE/Amazon Pay Recharge,,299.00,84251.00,UPI/TXN/9912900001
24-09-2026,UPI/UBER/Cab Booking,,-320.00,83931.00,UPI/TXN/9834762231
24-09-2026,UPI/NETFLIX/Monthly Subscription,,-649.00,83282.00,UPI/TXN/9834811234
23-09-2026,UPI/ZOMATO/Dinner Order,,-680.00,82602.00,UPI/TXN/9821345678
23-09-2026,Freelance Payment - Received from John Design Studio,15000.00,,97602.00,IMPS/2309/7712345
22-09-2026,UPI/BSES DELHI/Electricity Bill,,-1850.00,95752.00,UPI/TXN/9756341200
22-09-2026,UPI/OLA/Auto Ride,,-85.00,95667.00,UPI/TXN/9756000456
21-09-2026,UPI/APOLLO PHARMACY/Medicines,,-540.00,95127.00,UPI/TXN/9745123890
21-09-2026,UPI/BIGBASKET/Groceries,,-2100.00,93027.00,UPI/TXN/9734567891
20-09-2026,UPI/PAYTM/Metro Recharge,,-500.00,92527.00,UPI/TXN/9723456780
20-09-2026,UPI/BOOKMYSHOW/Movie Tickets,,-750.00,91777.00,UPI/TXN/9712345670
19-09-2026,Investment Return - Mutual Fund Redemption,5000.00,,96777.00,NEFT/1909/4412345
19-09-2026,UPI/JIOFIBER/Broadband Bill,,-999.00,95778.00,UPI/TXN/9656341200
18-09-2026,UPI/LENSKART/Spectacles,,-3200.00,92578.00,UPI/TXN/9656123456
18-09-2026,UPI/SWIGGY/Breakfast,,-180.00,92398.00,UPI/TXN/9645987123
17-09-2026,UPI/FLIPKART/Electronics Purchase,,-5999.00,86399.00,UPI/TXN/9634512345
17-09-2026,UPI/UBER/Airport Cab,,-650.00,85749.00,UPI/TXN/9623456780
16-09-2026,UPI/DOMINOS/Pizza Order,,-420.00,85329.00,UPI/TXN/9612345678
15-09-2026,Client Payment - Invoice #INV-2026-045,25000.00,,110329.00,IMPS/1509/3312345
15-09-2026,UPI/HDFC BANK/Home Loan EMI,,-18500.00,91829.00,UPI/TXN/9545123456
14-09-2026,UPI/SUGAR COSMETICS/Beauty Products,,-1200.00,90629.00,UPI/TXN/9534567890
14-09-2026,UPI/ZOMATO/Office Lunch,,-350.00,90279.00,UPI/TXN/9523456789
13-09-2026,UPI/MCD/Property Tax,,-4500.00,85779.00,UPI/TXN/9512345678
12-09-2026,UPI/SPOTIFY/Music Subscription,,-119.00,85660.00,UPI/TXN/9456341200
12-09-2026,UPI/RAPIDO/Bike Ride,,-40.00,85620.00,UPI/TXN/9445987123
11-09-2026,UPI/APOLLO/Doctor Consultation,,-800.00,84820.00,UPI/TXN/9434512345
11-09-2026,Stock Dividend Credit - HDFC Bank,1200.00,,86020.00,NEFT/1109/2212345
10-09-2026,UPI/AMAZON/Books & Stationery,,-899.00,85121.00,UPI/TXN/9423456780
10-09-2026,UPI/NYKAA/Skincare,,-2100.00,83021.00,UPI/TXN/9412345670
09-09-2026,UPI/IRCTC/Train Ticket,,-1200.00,81821.00,UPI/TXN/9356341200
09-09-2026,Rental Income - Flat 3B Deposit,12000.00,,93821.00,NEFT/0909/1112345
08-09-2026,UPI/SWIGGY/Weekend Brunch,,-560.00,93261.00,UPI/TXN/9323456789
08-09-2026,UPI/OLA/Outstation Cab,,-2400.00,90861.00,UPI/TXN/9312345670
07-09-2026,UPI/MYNTRA/Clothing,,-3500.00,87361.00,UPI/TXN/9256341200
07-09-2026,UPI/TATA POWER/Electricity,,-2100.00,85261.00,UPI/TXN/9245987123
06-09-2026,UPI/LYBRATE/Health App Subscription,,-299.00,84962.00,UPI/TXN/9234512345
06-09-2026,UPI/ZOMATO/Family Dinner,,-1450.00,83512.00,UPI/TXN/9223456780
05-09-2026,Freelance Bonus - UX Audit Project,8000.00,,91512.00,IMPS/0509/9912345
05-09-2026,UPI/BYJUS/Course Fee,,-5000.00,86512.00,UPI/TXN/9156341200
04-09-2026,UPI/PETROL PUMP/Fuel,,-3500.00,83012.00,UPI/TXN/9145987123
04-09-2026,UPI/DMart/Monthly Groceries,,-4200.00,78812.00,UPI/TXN/9134512345
03-09-2026,UPI/UBER EATS/Delivery,,-275.00,78537.00,UPI/TXN/9123456780
02-09-2026,UPI/HDFC/Credit Card Payment,,-8000.00,70537.00,UPI/TXN/9023456789
02-09-2026,UPI/CULT FIT/Gym Membership,,-2000.00,68537.00,UPI/TXN/9012345670
01-09-2026,UPI/SULEKHA/Home Services,,-600.00,67937.00,UPI/TXN/8956341200
01-09-2026,Salary Advance Credit,10000.00,,77937.00,NEFT/0109/8812999
